﻿<?xml version="1.0" encoding="utf-8"?>
<publishData>
  <publishProfile publishUrl="D:\fabu" deleteExistingFiles="True" ftpAnonymousLogin="False" ftpPassiveMode="True" msdeploySite="" msdeploySiteID="" msdeployRemoteSitePhysicalPath="" msdeployAllowUntrustedCertificate="False" msdeploySkipExtraFilesOnServer="True" msdeployMarkAsApp="False" profileName="配置文件1" publishMethod="FileSystem" replaceMatchingFiles="False" userName="" savePWD="False" userPWD="" SelectedForPublish="True">
    <file relUrl="Res/easyui/themes/gray/images/datagrid_icons.png" publishTime="04/09/2013 18:57:00" />
    <file relUrl="Res/easyui/themes/bootstrap/images/menu_arrows.png" publishTime="04/09/2013 18:57:00" />
    <file relUrl="Views/SysField/Details.aspx" publishTime="03/08/2013 17:48:19" />
    <file relUrl="Res/easyui/plugins/jquery.propertygrid.js" publishTime="04/09/2013 18:56:29" />
    <file relUrl="Res/easyui/themes/icons/cut.png" publishTime="04/09/2013 18:57:01" />
    <file relUrl="Res/easyui/themes/black/window.css" publishTime="04/09/2013 18:57:00" />
    <file relUrl="Res/easyui/themes/gray/images/validatebox_warning.png" publishTime="04/09/2013 18:57:00" />
    <file relUrl="Res/easyui/themes/metro/tabs.css" publishTime="04/09/2013 18:57:01" />
    <file relUrl="Res/easyui/themes/black/images/calendar_arrows.png" publishTime="04/09/2013 18:56:59" />
    <file relUrl="Views/SysException/Edit.aspx" publishTime="03/08/2013 16:44:44" />
    <file relUrl="Res/easyui/themes/bootstrap/accordion.css" publishTime="04/09/2013 18:57:00" />
    <file relUrl="Views/SysRole/Details.aspx" publishTime="03/08/2013 18:38:23" />
    <file relUrl="Views/SysLog/Edit.aspx" publishTime="03/08/2013 16:44:44" />
    <file relUrl="bin/System.Web.WebPages.Razor.dll" publishTime="07/10/2012 12:03:34" />
    <file relUrl="Res/easyui/themes/bootstrap/images/datebox_arrow.png" publishTime="04/09/2013 18:57:00" />
    <file relUrl="Res/easyui/plugins/jquery.combotree.js" publishTime="04/09/2013 18:56:29" />
    <file relUrl="Res/jquery.uploadify-v2.1.4/FileUploaderExcle.ashx" publishTime="11/27/2012 18:01:07" />
    <file relUrl="Res/easyui/themes/metro/images/datagrid_icons.png" publishTime="04/09/2013 18:57:01" />
    <file relUrl="Views/SysPerson/Edit.aspx" publishTime="06/08/2013 09:02:18" />
    <file relUrl="Res/easyui/themes/default/layout.css" publishTime="04/09/2013 18:57:00" />
    <file relUrl="Res/easyui/locale/easyui-lang-fr.js" publishTime="04/09/2013 18:56:57" />
    <file relUrl="Views/Account/NotFound.aspx" publishTime="11/09/2012 16:25:43" />
    <file relUrl="Res/easyui/themes/metro/dialog.css" publishTime="04/09/2013 18:57:01" />
    <file relUrl="Res/easyui/themes/icons/no.png" publishTime="04/09/2013 18:57:01" />
    <file relUrl="Res/easyui/themes/black/images/pagination_icons.png" publishTime="04/09/2013 18:56:59" />
    <file relUrl="Views/SysMenu/Create.aspx" publishTime="06/08/2013 09:02:53" />
    <file relUrl="Res/easyui/themes/icons/edit_add.png" publishTime="04/09/2013 18:57:01" />
    <file relUrl="Res/easyui/themes/default/images/datagrid_icons.png" publishTime="04/09/2013 18:57:00" />
    <file relUrl="bin/System.Web.Razor.xml" publishTime="05/30/2012 01:00:26" />
    <file relUrl="Res/easyui/plugins/jquery.layout.js" publishTime="04/09/2013 18:56:29" />
    <file relUrl="Res/easyui/themes/gray/images/combo_arrow.png" publishTime="04/09/2013 18:57:00" />
    <file relUrl="Res/easyui/themes/metro/menu.css" publishTime="04/09/2013 18:57:01" />
    <file relUrl="bin/System.Web.Http.WebHost.xml" publishTime="05/30/2012 01:00:26" />
    <file relUrl="bin/System.Web.Helpers.dll" publishTime="07/10/2012 12:03:34" />
    <file relUrl="Res/easyui/themes/bootstrap/combobox.css" publishTime="04/09/2013 18:57:00" />
    <file relUrl="Views/SysField/Index.aspx" publishTime="09/06/2013 20:10:13" />
    <file relUrl="Images/username_bg.gif" publishTime="11/09/2012 14:37:18" />
    <file relUrl="Res/easyui/themes/metro/menubutton.css" publishTime="04/09/2013 18:57:01" />
    <file relUrl="Res/My97DatePicker/lang/en.js" publishTime="11/09/2012 14:37:19" />
    <file relUrl="Views/SysRole/Edit.aspx" publishTime="03/08/2013 18:39:22" />
    <file relUrl="Res/easyui/themes/default/images/slider_handle.png" publishTime="04/09/2013 18:57:00" />
    <file relUrl="Res/easyui/locale/easyui-lang-tr.js" publishTime="04/09/2013 18:56:57" />
    <file relUrl="License.txt" publishTime="11/09/2012 14:37:18" />
    <file relUrl="Images/view.png" publishTime="11/09/2012 14:37:18" />
    <file relUrl="Res/easyui/themes/bootstrap/validatebox.css" publishTime="04/09/2013 18:57:00" />
    <file relUrl="Res/easyui/themes/gray/combobox.css" publishTime="04/09/2013 18:57:00" />
    <file relUrl="Res/easyui/themes/bootstrap/images/blank.gif" publishTime="04/09/2013 18:57:00" />
    <file relUrl="Res/easyui/locale/easyui-lang-de.js" publishTime="04/09/2013 18:56:57" />
    <file relUrl="Res/easyui/plugins/jquery.combo.js" publishTime="04/09/2013 18:56:29" />
    <file relUrl="Res/easyui/src/jquery.slider.js" publishTime="04/09/2013 18:56:29" />
    <file relUrl="bin/zh-Hans/System.Web.WebPages.resources.dll" publishTime="07/10/2012 23:31:42" />
    <file relUrl="Res/easyui/changelog.txt" publishTime="02/27/2013 10:55:12" />
    <file relUrl="Res/easyui/themes/metro/images/combo_arrow.png" publishTime="04/09/2013 18:57:01" />
    <file relUrl="Res/easyui/locale/easyui-lang-bg.js" publishTime="04/09/2013 18:56:57" />
    <file relUrl="Res/easyui/themes/bootstrap/window.css" publishTime="04/09/2013 18:57:00" />
    <file relUrl="Res/My97DatePicker/开发包/skin/whyGreen/datepicker.css" publishTime="11/09/2012 14:37:19" />
    <file relUrl="Res/easyui/plugins/jquery.draggable.js" publishTime="04/09/2013 18:56:29" />
    <file relUrl="Res/easyui/themes/metro/combo.css" publishTime="04/09/2013 18:57:01" />
    <file relUrl="Res/easyui/themes/bootstrap/images/loading.gif" publishTime="04/09/2013 18:57:00" />
    <file relUrl="Res/easyui/themes/black/validatebox.css" publishTime="04/09/2013 18:56:59" />
    <file relUrl="Res/easyui/themes/gray/menubutton.css" publishTime="04/09/2013 18:57:01" />
    <file relUrl="Res/easyui/themes/black/images/searchbox_button.png" publishTime="04/09/2013 18:56:59" />
    <file relUrl="Res/easyui/themes/default/images/combo_arrow.png" publishTime="04/09/2013 18:57:00" />
    <file relUrl="mylog.txt" publishTime="11/09/2012 14:37:18" />
    <file relUrl="Res/easyui/themes/bootstrap/propertygrid.css" publishTime="04/09/2013 18:57:00" />
    <file relUrl="Res/easyui/src/jquery.calendar.js" publishTime="04/09/2013 18:56:29" />
    <file relUrl="Res/easyui/themes/gray/images/slider_handle.png" publishTime="04/09/2013 18:57:00" />
    <file relUrl="Res/easyui/themes/metro/tree.css" publishTime="04/09/2013 18:57:01" />
    <file relUrl="Res/easyui/themes/bootstrap/images/pagination_icons.png" publishTime="04/09/2013 18:57:00" />
    <file relUrl="Res/easyui/themes/bootstrap/images/linkbutton_bg.png" publishTime="04/09/2013 18:57:00" />
    <file relUrl="Res/easyui/themes/icons/mini_edit.png" publishTime="04/09/2013 18:57:01" />
    <file relUrl="bin/System.Web.Mvc.xml" publishTime="05/30/2012 01:00:26" />
    <file relUrl="bin/System.Web.Http.dll" publishTime="07/10/2012 21:51:54" />
    <file relUrl="Res/jquery.uploadify-v2.1.4/jquery.uploadify.v2.1.4.js" publishTime="11/09/2012 14:37:19" />
    <file relUrl="Res/easyui/themes/default/accordion.css" publishTime="04/09/2013 18:57:00" />
    <file relUrl="Res/easyui/themes/gray/menu.css" publishTime="04/09/2013 18:57:01" />
    <file relUrl="Res/easyui/themes/default/validatebox.css" publishTime="04/09/2013 18:57:00" />
    <file relUrl="Views/SysField/Create.aspx" publishTime="03/08/2013 17:49:10" />
    <file relUrl="Res/easyui/themes/metro/images/searchbox_button.png" publishTime="04/09/2013 18:57:01" />
    <file relUrl="Images/bangzhu.gif" publishTime="11/09/2012 14:37:18" />
    <file relUrl="Res/easyui/themes/icons/undo.png" publishTime="04/09/2013 18:57:01" />
    <file relUrl="Res/easyui/plugins/jquery.spinner.js" publishTime="04/09/2013 18:56:29" />
    <file relUrl="Images/deleteimge.png" publishTime="11/09/2012 14:37:18" />
    <file relUrl="Content/StyleSheet.css" publishTime="09/11/2013 12:30:17" />
    <file relUrl="Res/easyui/themes/icons/ok.png" publishTime="04/09/2013 18:57:01" />
    <file relUrl="Res/easyui/themes/gray/images/loading.gif" publishTime="04/09/2013 18:57:00" />
    <file relUrl="Views/SysOperation/SetSysMenu.aspx" publishTime="11/09/2012 16:25:47" />
    <file relUrl="Res/easyui/themes/metro/images/pagination_icons.png" publishTime="04/09/2013 18:57:01" />
    <file relUrl="Res/easyui/plugins/jquery.panel.js" publishTime="04/09/2013 18:56:29" />
    <file relUrl="Res/easyui/locale/easyui-lang-el.js" publishTime="04/09/2013 18:56:57" />
    <file relUrl="Res/easyui/themes/black/easyui.css" publishTime="04/09/2013 18:56:59" />
    <file relUrl="Res/easyui/themes/gray/easyui.css" publishTime="04/09/2013 18:57:00" />
    <file relUrl="Views/SysMenuSysRoleSysOperation/Edit.aspx" publishTime="03/08/2013 16:44:44" />
    <file relUrl="Res/easyui/themes/metro/easyui.css" publishTime="04/09/2013 18:57:01" />
    <file relUrl="Res/easyui/themes/metro/images/calendar_arrows.png" publishTime="04/09/2013 18:57:01" />
    <file relUrl="Res/easyui/plugins/jquery.parser.js" publishTime="04/09/2013 18:56:29" />
    <file relUrl="Web.config" publishTime="09/09/2013 12:57:29" />
    <file relUrl="bin/System.Net.Http.dll" publishTime="07/10/2012 21:52:12" />
    <file relUrl="Res/easyui/themes/bootstrap/images/panel_tools.png" publishTime="04/09/2013 18:57:00" />
    <file relUrl="Res/easyui/themes/default/panel.css" publishTime="04/09/2013 18:57:00" />
    <file relUrl="bin/BLL.pdb" publishTime="09/09/2013 23:08:27" />
    <file relUrl="Res/easyui/themes/gray/slider.css" publishTime="04/09/2013 18:57:01" />
    <file relUrl="bin/System.Net.Http.WebRequest.dll" publishTime="07/10/2012 21:52:12" />
    <file relUrl="Scripts/JScriptCommon.js" publishTime="12/05/2012 09:33:36" />
    <file relUrl="Res/easyui/themes/metro/images/linkbutton_bg.png" publishTime="04/09/2013 18:57:01" />
    <file relUrl="Res/easyui/themes/black/images/validatebox_arrows.png" publishTime="04/09/2013 18:56:59" />
    <file relUrl="Res/easyui/themes/black/images/datebox_arrow.png" publishTime="04/09/2013 18:56:59" />
    <file relUrl="Res/easyui/themes/black/slider.css" publishTime="04/09/2013 18:56:59" />
    <file relUrl="Res/easyui/plugins/jquery.resizable.js" publishTime="04/09/2013 18:56:29" />
    <file relUrl="Scripts/jquery.validate-vsdoc.js" publishTime="11/09/2012 14:37:20" />
    <file relUrl="Res/easyui/themes/black/pagination.css" publishTime="04/09/2013 18:56:59" />
    <file relUrl="Res/easyui/themes/bootstrap/images/slider_handle.png" publishTime="04/09/2013 18:57:00" />
    <file relUrl="Res/easyui/plugins/jquery.accordion.js" publishTime="04/09/2013 18:56:29" />
    <file relUrl="Res/easyui/themes/bootstrap/messager.css" publishTime="04/09/2013 18:57:00" />
    <file relUrl="Res/jquery.uploadify-v2.1.4/jquery.uploadify.v2.1.4.min.js" publishTime="11/09/2012 14:37:19" />
    <file relUrl="Views/Shared/Index.Master" publishTime="09/06/2013 19:49:20" />
    <file relUrl="Res/easyui/locale/easyui-lang-pt_BR.js" publishTime="04/09/2013 18:56:57" />
    <file relUrl="favicon.ico" publishTime="11/09/2012 14:37:18" />
    <file relUrl="Res/easyui/src/jquery.draggable.js" publishTime="04/09/2013 18:56:29" />
    <file relUrl="Res/easyui/src/jquery.resizable.js" publishTime="04/09/2013 18:56:29" />
    <file relUrl="Res/easyui/themes/metro/window.css" publishTime="04/09/2013 18:57:01" />
    <file relUrl="Res/easyui/themes/metro/datagrid.css" publishTime="04/09/2013 18:57:01" />
    <file relUrl="Views/SysLog/Index.aspx" publishTime="09/11/2013 12:32:07" />
    <file relUrl="Res/easyui/themes/bootstrap/images/layout_arrows.png" publishTime="04/09/2013 18:57:00" />
    <file relUrl="Res/easyui/locale/easyui-lang-it.js" publishTime="04/09/2013 18:56:57" />
    <file relUrl="Views/SysLog/Details.aspx" publishTime="06/22/2013 16:59:25" />
    <file relUrl="packages.config" publishTime="11/09/2012 14:32:53" />
    <file relUrl="bin/System.Web.Mvc.dll" publishTime="07/10/2012 21:51:54" />
    <file relUrl="Res/easyui/themes/default/images/searchbox_button.png" publishTime="04/09/2013 18:57:00" />
    <file relUrl="Res/easyui/src/jquery.parser.js" publishTime="04/09/2013 18:56:29" />
    <file relUrl="Res/easyui/themes/icons/mini_add.png" publishTime="04/09/2013 18:57:01" />
    <file relUrl="Res/easyui/themes/black/images/tree_icons.png" publishTime="04/09/2013 18:56:59" />
    <file relUrl="Res/easyui/themes/icons/sum.png" publishTime="04/09/2013 18:57:01" />
    <file relUrl="Res/easyui/themes/default/images/menu_arrows.png" publishTime="04/09/2013 18:57:00" />
    <file relUrl="Res/easyui/themes/icons/tip.png" publishTime="04/09/2013 18:57:01" />
    <file relUrl="bin/zh-Hans/System.Web.Http.WebHost.resources.dll" publishTime="07/10/2012 23:30:34" />
    <file relUrl="Res/easyui/themes/gray/pagination.css" publishTime="04/09/2013 18:57:01" />
    <file relUrl="Res/easyui/plugins/jquery.datagrid.js" publishTime="04/09/2013 18:56:29" />
    <file relUrl="Res/easyui/themes/black/searchbox.css" publishTime="04/09/2013 18:56:59" />
    <file relUrl="Res/easyui/themes/bootstrap/images/validatebox_arrows.png" publishTime="04/09/2013 18:57:00" />
    <file relUrl="Res/easyui/themes/metro/images/panel_tools.png" publishTime="04/09/2013 18:57:01" />
    <file relUrl="Res/easyui/themes/bootstrap/pagination.css" publishTime="04/09/2013 18:57:00" />
    <file relUrl="Views/Shared/Base.Master" publishTime="11/09/2012 16:25:47" />
    <file relUrl="Res/easyui/themes/default/menu.css" publishTime="04/09/2013 18:57:00" />
    <file relUrl="Res/easyui/plugins/jquery.menubutton.js" publishTime="04/09/2013 18:56:29" />
    <file relUrl="Views/SysMenuSysRoleSysOperation/Details.aspx" publishTime="03/08/2013 16:45:28" />
    <file relUrl="Res/My97DatePicker/WdatePicker.js" publishTime="11/09/2012 14:37:19" />
    <file relUrl="Views/FileUploader/Edit.aspx" publishTime="03/08/2013 16:44:44" />
    <file relUrl="Views/SysFieldTree/Index.aspx" publishTime="11/09/2012 16:25:47" />
    <file relUrl="Res/easyui/locale/easyui-lang-cs.js" publishTime="04/09/2013 18:56:57" />
    <file relUrl="Res/easyui/themes/bootstrap/layout.css" publishTime="04/09/2013 18:57:00" />
    <file relUrl="Views/SysPerson/Index.aspx" publishTime="09/11/2013 12:33:09" />
    <file relUrl="Res/easyui/themes/icons/search.png" publishTime="04/09/2013 18:57:01" />
    <file relUrl="Res/easyui/themes/black/images/validatebox_warning.png" publishTime="04/09/2013 18:56:59" />
    <file relUrl="Res/easyui/themes/gray/propertygrid.css" publishTime="04/09/2013 18:57:01" />
    <file relUrl="Res/easyui/themes/gray/images/accordion_arrows.png" publishTime="04/09/2013 18:57:00" />
    <file relUrl="bin/System.Net.Http.Formatting.dll" publishTime="07/10/2012 21:51:54" />
    <file relUrl="Images/login_midbg.gif" publishTime="11/09/2012 14:37:18" />
    <file relUrl="bin/zh-Hans/System.Web.WebPages.Razor.resources.dll" publishTime="07/10/2012 23:31:42" />
    <file relUrl="bin/zh-Hans/System.Web.WebPages.Deployment.resources.dll" publishTime="07/10/2012 23:31:52" />
    <file relUrl="Res/easyui/themes/default/easyui.css" publishTime="04/09/2013 18:57:00" />
    <file relUrl="Res/easyui/plugins/jquery.tree.js" publishTime="04/09/2013 18:56:29" />
    <file relUrl="Res/jquery.uploadify-v2.1.4/jquery-1.4.2.min.js" publishTime="11/09/2012 14:37:19" />
    <file relUrl="Res/easyui/themes/metro/images/blank.gif" publishTime="04/09/2013 18:57:01" />
    <file relUrl="Res/easyui/themes/metro/spinner.css" publishTime="04/09/2013 18:57:01" />
    <file relUrl="Res/My97DatePicker/skin/whyGreen/bg.jpg" publishTime="11/09/2012 14:37:19" />
    <file relUrl="Res/easyui/themes/default/progressbar.css" publishTime="04/09/2013 18:57:00" />
    <file relUrl="bin/zh-Hans/System.Web.Http.resources.dll" publishTime="07/10/2012 23:30:26" />
    <file relUrl="Res/easyui/themes/default/datebox.css" publishTime="04/09/2013 18:57:00" />
    <file relUrl="Views/SysMenuSysRoleSysOperation/Create.aspx" publishTime="03/08/2013 16:43:52" />
    <file relUrl="Res/easyui/themes/bootstrap/calendar.css" publishTime="04/09/2013 18:57:00" />
    <file relUrl="Res/easyui/plugins/jquery.datetimebox.js" publishTime="04/09/2013 18:56:29" />
    <file relUrl="Res/easyui/themes/gray/images/layout_arrows.png" publishTime="04/09/2013 18:57:00" />
    <file relUrl="Res/easyui/themes/icons/filesave.png" publishTime="04/09/2013 18:57:01" />
    <file relUrl="Res/easyui/themes/gray/images/validatebox_arrows.png" publishTime="04/09/2013 18:57:00" />
    <file relUrl="Res/easyui/themes/black/datagrid.css" publishTime="04/09/2013 18:56:59" />
    <file relUrl="Res/easyui/themes/metro/images/slider_handle.png" publishTime="04/09/2013 18:57:01" />
    <file relUrl="Res/easyui/themes/metro/linkbutton.css" publishTime="04/09/2013 18:57:01" />
    <file relUrl="Views/Shared/Create.Master" publishTime="03/08/2013 18:49:48" />
    <file relUrl="Res/easyui/themes/black/images/messager_icons.png" publishTime="04/09/2013 18:56:59" />
    <file relUrl="bin/System.Web.WebPages.Deployment.dll" publishTime="07/10/2012 12:03:34" />
    <file relUrl="Res/easyui/plugins/jquery.tabs.js" publishTime="04/09/2013 18:56:29" />
    <file relUrl="Res/easyui/themes/default/splitbutton.css" publishTime="04/09/2013 18:57:00" />
    <file relUrl="Res/easyui/themes/icons/edit_remove.png" publishTime="04/09/2013 18:57:01" />
    <file relUrl="Global.asax" publishTime="11/09/2012 14:32:51" />
    <file relUrl="Res/easyui/themes/bootstrap/images/spinner_arrows.png" publishTime="04/09/2013 18:57:00" />
    <file relUrl="Res/easyui/themes/black/panel.css" publishTime="04/09/2013 18:56:59" />
    <file relUrl="Views/FileUploader/Details.aspx" publishTime="03/08/2013 16:45:28" />
    <file relUrl="Res/easyui/themes/bootstrap/dialog.css" publishTime="04/09/2013 18:57:00" />
    <file relUrl="Res/easyui/themes/bootstrap/panel.css" publishTime="04/09/2013 18:57:00" />
    <file relUrl="Res/easyui/themes/gray/images/menu_arrows.png" publishTime="04/09/2013 18:57:00" />
    <file relUrl="Res/easyui/themes/bootstrap/spinner.css" publishTime="04/09/2013 18:57:00" />
    <file relUrl="Res/easyui/themes/black/dialog.css" publishTime="04/09/2013 18:56:59" />
    <file relUrl="bin/Microsoft.Web.Infrastructure.dll" publishTime="07/19/2012 10:59:52" />
    <file relUrl="Res/easyui/locale/easyui-lang-ca.js" publishTime="04/09/2013 18:56:57" />
    <file relUrl="Res/easyui/readme.txt" publishTime="02/27/2013 10:55:12" />
    <file relUrl="Res/easyui/themes/black/messager.css" publishTime="04/09/2013 18:56:59" />
    <file relUrl="Scripts/jquery.validate.min.js" publishTime="11/09/2012 14:37:20" />
    <file relUrl="Res/My97DatePicker/lang/zh-cn.js" publishTime="11/09/2012 14:37:19" />
    <file relUrl="Res/easyui/themes/bootstrap/tree.css" publishTime="04/09/2013 18:57:00" />
    <file relUrl="Views/SysOperation/Create.aspx" publishTime="03/08/2013 18:35:57" />
    <file relUrl="Res/My97DatePicker/开发包/readme.txt" publishTime="11/09/2012 14:37:19" />
    <file relUrl="Views/SysDepartment/Index.aspx" publishTime="09/06/2013 20:08:43" />
    <file relUrl="Res/easyui/themes/default/messager.css" publishTime="04/09/2013 18:57:00" />
    <file relUrl="Res/easyui/themes/metro/layout.css" publishTime="04/09/2013 18:57:01" />
    <file relUrl="Res/easyui/themes/metro/images/loading.gif" publishTime="04/09/2013 18:57:01" />
    <file relUrl="Res/easyui/plugins/jquery.numberbox.js" publishTime="04/09/2013 18:56:29" />
    <file relUrl="Res/easyui/themes/default/images/blank.gif" publishTime="04/09/2013 18:57:00" />
    <file relUrl="bin/zh-Hans/System.Net.Http.WebRequest.resources.dll" publishTime="07/10/2012 23:31:08" />
    <file relUrl="bin/System.Web.WebPages.Razor.xml" publishTime="05/30/2012 01:00:26" />
    <file relUrl="Res/easyui/themes/gray/layout.css" publishTime="04/09/2013 18:57:00" />
    <file relUrl="Views/SysOperation/IndexSef.aspx" publishTime="11/18/2012 16:33:50" />
    <file relUrl="Images/login_bottom.gif" publishTime="11/09/2012 14:37:18" />
    <file relUrl="bin/BLL.dll" publishTime="09/09/2013 23:08:27" />
    <file relUrl="Res/easyui/themes/gray/splitbutton.css" publishTime="04/09/2013 18:57:01" />
    <file relUrl="Res/easyui/plugins/jquery.messager.js" publishTime="04/09/2013 18:56:29" />
    <file relUrl="Res/easyui/themes/metro/calendar.css" publishTime="04/09/2013 18:57:01" />
    <file relUrl="Views/SysMenu/Edit.aspx" publishTime="06/08/2013 09:03:03" />
    <file relUrl="Res/easyui/locale/easyui-lang-cz.js" publishTime="04/09/2013 18:56:57" />
    <file relUrl="Res/jquery.uploadify-v2.1.4/uploadify.allglyphs.swf" publishTime="11/09/2012 14:37:19" />
    <file relUrl="Res/easyui/themes/metro/images/validatebox_arrows.png" publishTime="04/09/2013 18:57:01" />
    <file relUrl="Views/Home/Index.aspx" publishTime="09/09/2013 11:57:17" />
    <file relUrl="Res/easyui/themes/black/combobox.css" publishTime="04/09/2013 18:56:59" />
    <file relUrl="Res/easyui/themes/metro/images/tabs_icons.png" publishTime="04/09/2013 18:57:01" />
    <file relUrl="Res/easyui/themes/default/images/linkbutton_bg.png" publishTime="04/09/2013 18:57:00" />
    <file relUrl="Res/jquery.uploadify-v2.1.4/uploadify.css" publishTime="11/09/2012 14:37:19" />
    <file relUrl="Res/jquery.uploadify-v2.1.4/FileUploader.ashx" publishTime="11/27/2012 18:00:54" />
    <file relUrl="Res/easyui/themes/black/calendar.css" publishTime="04/09/2013 18:56:59" />
    <file relUrl="Res/easyui/themes/default/searchbox.css" publishTime="04/09/2013 18:57:00" />
    <file relUrl="Res/easyui/themes/gray/panel.css" publishTime="04/09/2013 18:57:01" />
    <file relUrl="Res/easyui/themes/default/images/spinner_arrows.png" publishTime="04/09/2013 18:57:00" />
    <file relUrl="Res/easyui/plugins/jquery.menu.js" publishTime="04/09/2013 18:56:29" />
    <file relUrl="bin/Newtonsoft.Json.dll" publishTime="11/09/2012 17:26:56" />
    <file relUrl="Res/My97DatePicker/开发包/lang/zh-cn.js" publishTime="11/09/2012 14:37:19" />
    <file relUrl="Images/password_bg.gif" publishTime="11/09/2012 14:37:18" />
    <file relUrl="bin/System.Web.WebPages.xml" publishTime="05/30/2012 01:00:26" />
    <file relUrl="Res/easyui/themes/default/menubutton.css" publishTime="04/09/2013 18:57:00" />
    <file relUrl="Res/easyui/themes/default/images/layout_arrows.png" publishTime="04/09/2013 18:57:00" />
    <file relUrl="bin/System.Web.Http.WebHost.dll" publishTime="07/10/2012 21:51:54" />
    <file relUrl="Res/easyui/src/jquery.progressbar.js" publishTime="04/09/2013 18:56:29" />
    <file relUrl="Res/jquery.uploadify-v2.1.4/uploadify.swf" publishTime="11/09/2012 14:37:19" />
    <file relUrl="Res/easyui/themes/bootstrap/easyui.css" publishTime="04/09/2013 18:57:00" />
    <file relUrl="Res/My97DatePicker/开发包/skin/default/img.gif" publishTime="11/09/2012 14:37:19" />
    <file relUrl="Res/easyui/plugins/jquery.validatebox.js" publishTime="04/09/2013 18:56:29" />
    <file relUrl="Res/My97DatePicker/skin/default/img.gif" publishTime="11/09/2012 14:37:19" />
    <file relUrl="Res/easyui/themes/gray/images/linkbutton_bg.png" publishTime="04/09/2013 18:57:00" />
    <file relUrl="Res/jquery.uploadify-v2.1.4/cancel.png" publishTime="11/09/2012 14:37:19" />
    <file relUrl="Res/easyui/licence_gpl.txt" publishTime="02/27/2013 10:55:12" />
    <file relUrl="Views/Shared/Details.Master" publishTime="03/08/2013 17:36:30" />
    <file relUrl="Res/easyui/themes/metro/images/datebox_arrow.png" publishTime="04/09/2013 18:57:01" />
    <file relUrl="bin/DAL.dll" publishTime="09/09/2013 23:06:50" />
    <file relUrl="bin/Common.dll" publishTime="09/09/2013 12:55:22" />
    <file relUrl="Scripts/jquery.unobtrusive-ajax.min.js" publishTime="11/23/2012 10:21:31" />
    <file relUrl="Res/easyui/themes/default/window.css" publishTime="04/09/2013 18:57:00" />
    <file relUrl="Res/easyui/themes/gray/progressbar.css" publishTime="04/09/2013 18:57:01" />
    <file relUrl="Res/easyui/themes/black/combo.css" publishTime="04/09/2013 18:56:59" />
    <file relUrl="bin/System.Web.Razor.dll" publishTime="08/01/2012 09:06:22" />
    <file relUrl="Res/easyui/themes/default/images/messager_icons.png" publishTime="04/09/2013 18:57:00" />
    <file relUrl="Res/easyui/locale/easyui-lang-zh_CN.js" publishTime="04/09/2013 18:56:59" />
    <file relUrl="Views/SysException/Index.aspx" publishTime="09/11/2013 12:34:26" />
    <file relUrl="Views/Account/Index.aspx" publishTime="03/12/2013 19:28:55" />
    <file relUrl="bin/System.Net.Http.WebRequest.xml" publishTime="06/29/2012 01:00:12" />
    <file relUrl="Res/easyui/themes/default/images/validatebox_warning.png" publishTime="04/09/2013 18:57:00" />
    <file relUrl="Res/easyui/themes/metro/messager.css" publishTime="04/09/2013 18:57:01" />
    <file relUrl="Images/anquantuichu.gif" publishTime="11/09/2012 14:37:18" />
    <file relUrl="Res/easyui/themes/gray/searchbox.css" publishTime="04/09/2013 18:57:01" />
    <file relUrl="Views/SysDepartmentTree/Index.aspx" publishTime="11/09/2012 16:25:47" />
    <file relUrl="Res/My97DatePicker/开发包/skin/whyGreen/img.gif" publishTime="11/09/2012 14:37:19" />
    <file relUrl="Res/easyui/themes/icons/mini_refresh.png" publishTime="04/09/2013 18:57:01" />
    <file relUrl="Images/tabicons.png" publishTime="11/09/2012 14:37:18" />
    <file relUrl="Res/easyui/themes/black/images/panel_tools.png" publishTime="04/09/2013 18:56:59" />
    <file relUrl="Res/easyui/themes/default/images/calendar_arrows.png" publishTime="04/09/2013 18:57:00" />
    <file relUrl="Res/easyui/themes/gray/images/messager_icons.png" publishTime="04/09/2013 18:57:00" />
    <file relUrl="Res/jquery.uploadify-v2.1.4/swfobject.js" publishTime="11/09/2012 14:37:19" />
    <file relUrl="Res/easyui/themes/metro/accordion.css" publishTime="04/09/2013 18:57:01" />
    <file relUrl="Views/SysMenu/IndexSelf.aspx" publishTime="12/06/2012 15:42:29" />
    <file relUrl="Res/easyui/themes/bootstrap/images/combo_arrow.png" publishTime="04/09/2013 18:57:00" />
    <file relUrl="Res/easyui/license_commercial.txt" publishTime="02/27/2013 10:55:12" />
    <file relUrl="bin/IBLL.dll" publishTime="09/09/2013 23:06:50" />
    <file relUrl="Views/Shared/Edit.Master" publishTime="03/08/2013 18:42:14" />
    <file relUrl="Res/easyui/plugins/jquery.progressbar.js" publishTime="04/09/2013 18:56:29" />
    <file relUrl="Images/top-back.gif" publishTime="11/09/2012 14:37:18" />
    <file relUrl="Res/easyui/themes/bootstrap/menu.css" publishTime="04/09/2013 18:57:00" />
    <file relUrl="Res/My97DatePicker/skin/datePicker.gif" publishTime="11/09/2012 14:37:19" />
    <file relUrl="Res/easyui/themes/gray/images/tree_icons.png" publishTime="04/09/2013 18:57:00" />
    <file relUrl="Res/easyui/themes/icons/cancel.png" publishTime="04/09/2013 18:57:01" />
    <file relUrl="Res/easyui/themes/default/combo.css" publishTime="04/09/2013 18:57:00" />
    <file relUrl="Res/My97DatePicker/skin/whyGreen/img.gif" publishTime="11/09/2012 14:37:19" />
    <file relUrl="Views/SysPerson/Details.aspx" publishTime="06/28/2013 10:03:10" />
    <file relUrl="Res/easyui/themes/black/images/linkbutton_bg.png" publishTime="04/09/2013 18:56:59" />
    <file relUrl="Res/easyui/themes/gray/images/pagination_icons.png" publishTime="04/09/2013 18:57:00" />
    <file relUrl="Res/easyui/src/jquery.datebox.js" publishTime="04/09/2013 18:56:29" />
    <file relUrl="Res/easyui/themes/default/images/accordion_arrows.png" publishTime="04/09/2013 18:57:00" />
    <file relUrl="Res/easyui/plugins/jquery.timespinner.js" publishTime="04/09/2013 18:56:29" />
    <file relUrl="bin/NPOI.dll" publishTime="04/16/2013 10:30:46" />
    <file relUrl="bin/zh-Hans/System.Net.Http.resources.dll" publishTime="07/10/2012 23:31:08" />
    <file relUrl="Res/easyui/themes/default/images/pagination_icons.png" publishTime="04/09/2013 18:57:00" />
    <file relUrl="Res/My97DatePicker/开发包/skin/whyGreen/bg.jpg" publishTime="11/09/2012 14:37:19" />
    <file relUrl="Res/easyui/themes/bootstrap/images/searchbox_button.png" publishTime="04/09/2013 18:57:00" />
    <file relUrl="Res/easyui/themes/metro/panel.css" publishTime="04/09/2013 18:57:01" />
    <file relUrl="Scripts/jquery.validate.js" publishTime="11/09/2012 14:37:20" />
    <file relUrl="Res/easyui/themes/black/tree.css" publishTime="04/09/2013 18:56:59" />
    <file relUrl="Res/easyui/themes/black/images/combo_arrow.png" publishTime="04/09/2013 18:56:59" />
    <file relUrl="bin/zh-Hans/System.Net.Http.Formatting.resources.dll" publishTime="07/10/2012 23:30:26" />
    <file relUrl="bin/System.Web.Http.xml" publishTime="06/09/2012 01:00:32" />
    <file relUrl="Res/My97DatePicker/开发包/skin/datePicker.gif" publishTime="11/09/2012 14:37:19" />
    <file relUrl="Res/My97DatePicker/lang/zh-tw.js" publishTime="11/09/2012 14:37:19" />
    <file relUrl="Res/easyui/themes/gray/images/blank.gif" publishTime="04/09/2013 18:57:00" />
    <file relUrl="Res/easyui/src/jquery.form.js" publishTime="04/09/2013 18:56:29" />
    <file relUrl="Scripts/jquery.validate.unobtrusive.js" publishTime="11/09/2012 14:37:20" />
    <file relUrl="Images/beijing.gif" publishTime="11/09/2012 14:37:18" />
    <file relUrl="Res/My97DatePicker/开发包/skin/default/datepicker.css" publishTime="11/09/2012 14:37:19" />
    <file relUrl="Images/yuanjiao.png" publishTime="12/18/2012 10:34:50" />
    <file relUrl="Res/easyui/themes/black/images/menu_arrows.png" publishTime="04/09/2013 18:56:59" />
    <file relUrl="Views/SysMenuSysRoleSysOperation/Index.aspx" publishTime="11/09/2012 16:25:47" />
    <file relUrl="Views/SysField/Edit.aspx" publishTime="03/08/2013 17:47:50" />
    <file relUrl="Res/easyui/themes/default/images/tree_icons.png" publishTime="04/09/2013 18:57:00" />
    <file relUrl="Res/easyui/themes/default/propertygrid.css" publishTime="04/09/2013 18:57:00" />
    <file relUrl="Res/easyui/themes/black/images/datagrid_icons.png" publishTime="04/09/2013 18:56:59" />
    <file relUrl="Res/easyui/themes/black/images/loading.gif" publishTime="04/09/2013 18:56:59" />
    <file relUrl="Res/easyui/themes/black/splitbutton.css" publishTime="04/09/2013 18:56:59" />
    <file relUrl="Res/easyui/locale/easyui-lang-en.js" publishTime="04/09/2013 18:56:57" />
    <file relUrl="Res/easyui/themes/metro/images/messager_icons.png" publishTime="04/09/2013 18:57:01" />
    <file relUrl="Res/easyui/themes/gray/images/tabs_icons.png" publishTime="04/09/2013 18:57:00" />
    <file relUrl="Res/easyui/themes/black/progressbar.css" publishTime="04/09/2013 18:56:59" />
    <file relUrl="Res/easyui/themes/bootstrap/images/calendar_arrows.png" publishTime="04/09/2013 18:57:00" />
    <file relUrl="Res/easyui/themes/icons/back.png" publishTime="04/09/2013 18:57:01" />
    <file relUrl="Images/noscript.gif" publishTime="11/09/2012 14:37:18" />
    <file relUrl="Res/easyui/themes/default/slider.css" publishTime="04/09/2013 18:57:00" />
    <file relUrl="Res/easyui/plugins/jquery.combogrid.js" publishTime="04/09/2013 18:56:29" />
    <file relUrl="Res/easyui/src/jquery.linkbutton.js" publishTime="04/09/2013 18:56:29" />
    <file relUrl="Views/SysDepartment/IndexSelf.aspx" publishTime="11/30/2012 07:35:23" />
    <file relUrl="Res/easyui/themes/icons/help.png" publishTime="04/09/2013 18:57:01" />
    <file relUrl="Res/easyui/themes/metro/images/tree_icons.png" publishTime="04/09/2013 18:57:01" />
    <file relUrl="Res/easyui/themes/metro/splitbutton.css" publishTime="04/09/2013 18:57:01" />
    <file relUrl="Res/easyui/themes/black/images/accordion_arrows.png" publishTime="04/09/2013 18:56:59" />
    <file relUrl="Res/easyui/themes/bootstrap/combo.css" publishTime="04/09/2013 18:57:00" />
    <file relUrl="Res/easyui/themes/gray/dialog.css" publishTime="04/09/2013 18:57:00" />
    <file relUrl="Res/easyui/themes/black/images/spinner_arrows.png" publishTime="04/09/2013 18:56:59" />
    <file relUrl="Res/easyui/themes/bootstrap/images/accordion_arrows.png" publishTime="04/09/2013 18:57:00" />
    <file relUrl="bin/System.Web.Helpers.xml" publishTime="05/30/2012 01:00:26" />
    <file relUrl="Res/easyui/themes/black/spinner.css" publishTime="04/09/2013 18:56:59" />
    <file relUrl="Views/SysOperation/Index.aspx" publishTime="09/06/2013 20:26:25" />
    <file relUrl="Res/easyui/themes/bootstrap/slider.css" publishTime="04/09/2013 18:57:00" />
    <file relUrl="Res/easyui/locale/easyui-lang-af.js" publishTime="04/09/2013 18:56:57" />
    <file relUrl="Res/easyui/themes/black/images/layout_arrows.png" publishTime="04/09/2013 18:56:59" />
    <file relUrl="Res/easyui/themes/bootstrap/splitbutton.css" publishTime="04/09/2013 18:57:00" />
    <file relUrl="Res/easyui/themes/gray/images/panel_tools.png" publishTime="04/09/2013 18:57:00" />
    <file relUrl="Res/My97DatePicker/skin/whyGreen/datepicker.css" publishTime="11/09/2012 14:37:19" />
    <file relUrl="Res/easyui/plugins/jquery.datebox.js" publishTime="04/09/2013 18:56:29" />
    <file relUrl="bin/System.Web.WebPages.dll" publishTime="07/10/2012 12:03:34" />
    <file relUrl="Res/easyui/themes/default/tree.css" publishTime="04/09/2013 18:57:00" />
    <file relUrl="Res/easyui/src/jquery.droppable.js" publishTime="04/09/2013 18:56:29" />
    <file relUrl="Res/easyui/plugins/jquery.droppable.js" publishTime="04/09/2013 18:56:29" />
    <file relUrl="Res/easyui/themes/bootstrap/datagrid.css" publishTime="04/09/2013 18:57:00" />
    <file relUrl="Res/easyui/themes/gray/images/spinner_arrows.png" publishTime="04/09/2013 18:57:00" />
    <file relUrl="Res/easyui/jquery.easyui.min.js" publishTime="02/27/2013 10:55:23" />
    <file relUrl="Res/easyui/themes/icon.css" publishTime="04/09/2013 18:57:01" />
    <file relUrl="bin/DAL.pdb" publishTime="09/09/2013 23:06:50" />
    <file relUrl="Res/easyui/themes/default/images/loading.gif" publishTime="04/09/2013 18:57:00" />
    <file relUrl="Res/easyui/themes/bootstrap/images/tabs_icons.png" publishTime="04/09/2013 18:57:00" />
    <file relUrl="bin/App.pdb" publishTime="09/11/2013 12:35:42" />
    <file relUrl="Res/easyui/themes/metro/searchbox.css" publishTime="04/09/2013 18:57:01" />
    <file relUrl="Res/easyui/themes/gray/images/datebox_arrow.png" publishTime="04/09/2013 18:57:00" />
    <file relUrl="Res/easyui/themes/metro/images/menu_arrows.png" publishTime="04/09/2013 18:57:01" />
    <file relUrl="Res/easyui/locale/easyui-lang-nl.js" publishTime="04/09/2013 18:56:57" />
    <file relUrl="Views/SysField/IndexSelf.aspx" publishTime="03/08/2013 17:48:32" />
    <file relUrl="Views/SysLog/Create.aspx" publishTime="03/08/2013 16:43:52" />
    <file relUrl="Res/easyui/themes/metro/combobox.css" publishTime="04/09/2013 18:57:01" />
    <file relUrl="Views/SysRole/Index.aspx" publishTime="09/09/2013 11:36:25" />
    <file relUrl="Views/Shared/ManyTree.Master" publishTime="11/30/2012 07:18:04" />
    <file relUrl="Res/easyui/locale/easyui-lang-da.js" publishTime="04/09/2013 18:56:57" />
    <file relUrl="Views/SysMenuTree/Index.aspx" publishTime="11/09/2012 16:25:47" />
    <file relUrl="Images/line_n2.gif" publishTime="03/08/2013 13:51:57" />
    <file relUrl="Res/easyui/easyloader.js" publishTime="04/09/2013 18:55:25" />
    <file relUrl="bin/IBLL.pdb" publishTime="09/09/2013 23:06:50" />
    <file relUrl="Content/Default.css" publishTime="11/21/2012 19:12:25" />
    <file relUrl="Views/SysDepartment/Edit.aspx" publishTime="03/08/2013 17:37:36" />
    <file relUrl="Res/easyui/themes/black/images/tabs_icons.png" publishTime="04/09/2013 18:56:59" />
    <file relUrl="Views/SysMenu/Details.aspx" publishTime="03/08/2013 18:10:53" />
    <file relUrl="Res/My97DatePicker/demo.htm" publishTime="11/09/2012 14:37:19" />
    <file relUrl="Views/SysDepartment/Details.aspx" publishTime="03/08/2013 17:32:13" />
    <file relUrl="bin/zh-Hans/System.Web.Helpers.resources.dll" publishTime="07/10/2012 23:31:52" />
    <file relUrl="Res/easyui/themes/default/linkbutton.css" publishTime="04/09/2013 18:57:00" />
    <file relUrl="Views/SysOperation/Edit.aspx" publishTime="03/08/2013 18:34:13" />
    <file relUrl="Res/easyui/src/jquery.menu.js" publishTime="04/09/2013 18:56:29" />
    <file relUrl="Res/easyui/plugins/jquery.pagination.js" publishTime="04/09/2013 18:56:29" />
    <file relUrl="Views/Account/ChangePassword.aspx" publishTime="03/08/2013 18:49:33" />
    <file relUrl="Res/My97DatePicker/开发包/skin/WdatePicker.css" publishTime="11/09/2012 14:37:19" />
    <file relUrl="Res/easyui/themes/default/images/validatebox_arrows.png" publishTime="04/09/2013 18:57:00" />
    <file relUrl="Res/easyui/locale/easyui-lang-zh_TW.js" publishTime="04/09/2013 18:56:59" />
    <file relUrl="Views/Exception/Index.aspx" publishTime="06/04/2013 21:14:50" />
    <file relUrl="Scripts/JScriptIndex.js" publishTime="09/09/2013 12:44:40" />
    <file relUrl="Res/easyui/themes/gray/combo.css" publishTime="04/09/2013 18:57:00" />
    <file relUrl="Res/easyui/themes/default/pagination.css" publishTime="04/09/2013 18:57:00" />
    <file relUrl="Res/easyui/themes/metro/progressbar.css" publishTime="04/09/2013 18:57:01" />
    <file relUrl="Res/easyui/plugins/jquery.splitbutton.js" publishTime="04/09/2013 18:56:29" />
    <file relUrl="Views/SysRole/Create.aspx" publishTime="03/08/2013 18:39:43" />
    <file relUrl="Res/easyui/src/jquery.window.js" publishTime="04/09/2013 18:56:29" />
    <file relUrl="Images/buttonOn_login.gif" publishTime="11/09/2012 14:37:18" />
    <file relUrl="Res/easyui/themes/black/images/blank.gif" publishTime="04/09/2013 18:56:59" />
    <file relUrl="Res/easyui/themes/bootstrap/datebox.css" publishTime="04/09/2013 18:57:00" />
    <file relUrl="Res/easyui/themes/icons/pencil.png" publishTime="04/09/2013 18:57:01" />
    <file relUrl="Res/easyui/src/jquery.propertygrid.js" publishTime="04/09/2013 18:56:29" />
    <file relUrl="Res/easyui/themes/black/propertygrid.css" publishTime="04/09/2013 18:56:59" />
    <file relUrl="Res/easyui/themes/bootstrap/progressbar.css" publishTime="04/09/2013 18:57:00" />
    <file relUrl="Res/easyui/themes/metro/images/spinner_arrows.png" publishTime="04/09/2013 18:57:01" />
    <file relUrl="bin/System.Net.Http.xml" publishTime="06/23/2012 01:00:28" />
    <file relUrl="Res/easyui/themes/black/menu.css" publishTime="04/09/2013 18:56:59" />
    <file relUrl="Res/easyui/themes/metro/slider.css" publishTime="04/09/2013 18:57:01" />
    <file relUrl="Views/SysMenu/Index.aspx" publishTime="09/06/2013 20:07:59" />
    <file relUrl="Res/easyui/themes/default/images/datebox_arrow.png" publishTime="04/09/2013 18:57:00" />
    <file relUrl="Res/My97DatePicker/skin/WdatePicker.css" publishTime="11/09/2012 14:37:19" />
    <file relUrl="Res/easyui/themes/default/datagrid.css" publishTime="04/09/2013 18:57:00" />
    <file relUrl="Res/My97DatePicker/skin/default/datepicker.css" publishTime="11/09/2012 14:37:19" />
    <file relUrl="Res/easyui/plugins/jquery.treegrid.js" publishTime="04/09/2013 18:56:29" />
    <file relUrl="Res/easyui/themes/metro/images/layout_arrows.png" publishTime="04/09/2013 18:57:01" />
    <file relUrl="Res/easyui/themes/bootstrap/images/datagrid_icons.png" publishTime="04/09/2013 18:57:00" />
    <file relUrl="Res/easyui/themes/black/linkbutton.css" publishTime="04/09/2013 18:56:59" />
    <file relUrl="Images/excelcss.jpg" publishTime="11/09/2012 14:37:18" />
    <file relUrl="Res/easyui/themes/black/images/slider_handle.png" publishTime="04/09/2013 18:56:59" />
    <file relUrl="Views/SysOperation/Details.aspx" publishTime="03/08/2013 18:35:56" />
    <file relUrl="Res/easyui/locale/easyui-lang-ar.js" publishTime="04/09/2013 18:56:57" />
    <file relUrl="Res/easyui/themes/metro/pagination.css" publishTime="04/09/2013 18:57:01" />
    <file relUrl="Res/easyui/plugins/jquery.numberspinner.js" publishTime="04/09/2013 18:56:29" />
    <file relUrl="Res/easyui/themes/default/images/tabs_icons.png" publishTime="04/09/2013 18:57:00" />
    <file relUrl="Images/direction.gif" publishTime="11/09/2012 14:37:18" />
    <file relUrl="Res/easyui/themes/gray/accordion.css" publishTime="04/09/2013 18:57:00" />
    <file relUrl="Res/easyui/themes/black/datebox.css" publishTime="04/09/2013 18:56:59" />
    <file relUrl="Res/easyui/plugins/jquery.form.js" publishTime="04/09/2013 18:56:29" />
    <file relUrl="Views/FileUploader/Index.aspx" publishTime="11/09/2012 16:25:43" />
    <file relUrl="Res/easyui/src/jquery.accordion.js" publishTime="04/09/2013 18:56:29" />
    <file relUrl="Images/notfound.gif" publishTime="11/09/2012 14:37:18" />
    <file relUrl="Res/easyui/themes/default/combobox.css" publishTime="04/09/2013 18:57:00" />
    <file relUrl="Res/My97DatePicker/开发包/lang/zh-tw.js" publishTime="11/09/2012 14:37:19" />
    <file relUrl="Res/easyui/themes/black/menubutton.css" publishTime="04/09/2013 18:56:59" />
    <file relUrl="Res/easyui/themes/bootstrap/tabs.css" publishTime="04/09/2013 18:57:00" />
    <file relUrl="Res/easyui/themes/icons/blank.gif" publishTime="04/09/2013 18:57:01" />
    <file relUrl="Scripts/jquery.validate.unobtrusive.min.js" publishTime="11/09/2012 14:37:20" />
    <file relUrl="Res/easyui/themes/default/dialog.css" publishTime="04/09/2013 18:57:00" />
    <file relUrl="Images/login_pic.gif" publishTime="11/09/2012 14:37:18" />
    <file relUrl="Res/easyui/themes/gray/tabs.css" publishTime="04/09/2013 18:57:01" />
    <file relUrl="Res/easyui/themes/bootstrap/images/tree_icons.png" publishTime="04/09/2013 18:57:00" />
    <file relUrl="Res/easyui/themes/gray/datagrid.css" publishTime="04/09/2013 18:57:00" />
    <file relUrl="Res/easyui/themes/gray/spinner.css" publishTime="04/09/2013 18:57:01" />
    <file relUrl="bin/Common.pdb" publishTime="09/09/2013 12:55:22" />
    <file relUrl="Res/easyui/themes/metro/images/accordion_arrows.png" publishTime="04/09/2013 18:57:01" />
    <file relUrl="Images/duanxinxi.gif" publishTime="11/09/2012 14:37:18" />
    <file relUrl="Res/easyui/themes/default/images/panel_tools.png" publishTime="04/09/2013 18:57:00" />
    <file relUrl="Res/jquery.uploadify-v2.1.4/expressInstall.swf" publishTime="11/09/2012 14:37:19" />
    <file relUrl="Views/Web.config" publishTime="11/15/2012 19:09:50" />
    <file relUrl="Res/easyui/themes/default/calendar.css" publishTime="04/09/2013 18:57:00" />
    <file relUrl="bin/System.Web.WebPages.Deployment.xml" publishTime="06/22/2012 01:00:28" />
    <file relUrl="Res/easyui/plugins/jquery.dialog.js" publishTime="04/09/2013 18:56:29" />
    <file relUrl="Views/SysException/Details.aspx" publishTime="09/06/2013 20:42:24" />
    <file relUrl="Res/easyui/plugins/jquery.linkbutton.js" publishTime="04/09/2013 18:56:29" />
    <file relUrl="Res/easyui/themes/metro/validatebox.css" publishTime="04/09/2013 18:57:01" />
    <file relUrl="up/b.xls" publishTime="06/04/2013 06:29:22" />
    <file relUrl="Images/login_top.gif" publishTime="11/09/2012 14:37:18" />
    <file relUrl="Res/easyui/locale/easyui-lang-ru.js" publishTime="04/09/2013 18:56:57" />
    <file relUrl="Res/easyui/themes/gray/tree.css" publishTime="04/09/2013 18:57:01" />
    <file relUrl="Views/SysDepartment/Create.aspx" publishTime="05/22/2013 16:56:57" />
    <file relUrl="Scripts/jquery.min.js" publishTime="11/23/2012 10:30:42" />
    <file relUrl="Views/SysPerson/Create.aspx" publishTime="06/28/2013 10:03:04" />
    <file relUrl="Views/FileUploader/Create.aspx" publishTime="03/08/2013 16:43:52" />
    <file relUrl="Res/easyui/themes/bootstrap/linkbutton.css" publishTime="04/09/2013 18:57:00" />
    <file relUrl="Res/My97DatePicker/calendar.js" publishTime="11/09/2012 14:37:19" />
    <file relUrl="Res/easyui/plugins/jquery.slider.js" publishTime="04/09/2013 18:56:29" />
    <file relUrl="Res/easyui/themes/icons/print.png" publishTime="04/09/2013 18:57:01" />
    <file relUrl="Res/easyui/locale/easyui-lang-jp.js" publishTime="04/09/2013 18:56:57" />
    <file relUrl="Res/easyui/themes/metro/images/validatebox_warning.png" publishTime="04/09/2013 18:57:01" />
    <file relUrl="Res/easyui/themes/metro/datebox.css" publishTime="04/09/2013 18:57:01" />
    <file relUrl="Res/easyui/themes/icons/redo.png" publishTime="04/09/2013 18:57:01" />
    <file relUrl="Res/easyui/themes/gray/validatebox.css" publishTime="04/09/2013 18:57:01" />
    <file relUrl="Res/easyui/themes/bootstrap/searchbox.css" publishTime="04/09/2013 18:57:00" />
    <file relUrl="Res/easyui/themes/bootstrap/images/messager_icons.png" publishTime="04/09/2013 18:57:00" />
    <file relUrl="Res/easyui/themes/icons/reload.png" publishTime="04/09/2013 18:57:01" />
    <file relUrl="Res/easyui/src/easyloader.js" publishTime="04/09/2013 18:56:29" />
    <file relUrl="Res/easyui/src/jquery.tabs.js" publishTime="04/09/2013 18:56:29" />
    <file relUrl="Res/easyui/plugins/jquery.window.js" publishTime="04/09/2013 18:56:29" />
    <file relUrl="Res/easyui/locale/easyui-lang-es.js" publishTime="04/09/2013 18:56:57" />
    <file relUrl="bin/Microsoft.Web.Infrastructure.xml" publishTime="03/08/2012 09:20:10" />
    <file relUrl="Res/easyui/plugins/jquery.searchbox.js" publishTime="04/09/2013 18:56:29" />
    <file relUrl="Res/easyui/themes/gray/messager.css" publishTime="04/09/2013 18:57:01" />
    <file relUrl="Res/easyui/themes/gray/calendar.css" publishTime="04/09/2013 18:57:00" />
    <file relUrl="Res/easyui/src/jquery.combobox.js" publishTime="04/09/2013 18:56:29" />
    <file relUrl="Res/easyui/themes/gray/window.css" publishTime="04/09/2013 18:57:01" />
    <file relUrl="bin/System.Net.Http.Formatting.xml" publishTime="05/30/2012 01:00:26" />
    <file relUrl="Res/easyui/themes/default/tabs.css" publishTime="04/09/2013 18:57:00" />
    <file relUrl="bin/App.dll" publishTime="09/11/2013 12:35:42" />
    <file relUrl="Res/My97DatePicker/开发包/lang/en.js" publishTime="11/09/2012 14:37:19" />
    <file relUrl="Res/easyui/themes/black/tabs.css" publishTime="04/09/2013 18:56:59" />
    <file relUrl="bin/zh-Hans/System.Web.Mvc.resources.dll" publishTime="07/10/2012 23:30:36" />
    <file relUrl="Res/easyui/plugins/jquery.combobox.js" publishTime="04/09/2013 18:56:29" />
    <file relUrl="Res/easyui/themes/default/spinner.css" publishTime="04/09/2013 18:57:00" />
    <file relUrl="Res/easyui/themes/black/accordion.css" publishTime="04/09/2013 18:56:59" />
    <file relUrl="Res/easyui/plugins/jquery.calendar.js" publishTime="04/09/2013 18:56:29" />
    <file relUrl="Res/easyui/themes/gray/linkbutton.css" publishTime="04/09/2013 18:57:01" />
    <file relUrl="Views/SysException/Create.aspx" publishTime="03/08/2013 16:43:52" />
    <file relUrl="bin/zh-Hans/System.Web.Razor.resources.dll" publishTime="07/10/2012 23:31:36" />
    <file relUrl="Views/SysRole/SetSysMenu.aspx" publishTime="09/09/2013 12:46:20" />
    <file relUrl="Res/easyui/themes/gray/images/calendar_arrows.png" publishTime="04/09/2013 18:57:00" />
    <file relUrl="Images/mimaxiugai.gif" publishTime="11/09/2012 14:37:18" />
    <file relUrl="Res/easyui/themes/bootstrap/images/validatebox_warning.png" publishTime="04/09/2013 18:57:00" />
    <file relUrl="Res/easyui/themes/gray/images/searchbox_button.png" publishTime="04/09/2013 18:57:00" />
    <file relUrl="Res/easyui/themes/gray/datebox.css" publishTime="04/09/2013 18:57:00" />
    <file relUrl="Res/easyui/themes/bootstrap/menubutton.css" publishTime="04/09/2013 18:57:00" />
    <file relUrl="Res/easyui/themes/black/layout.css" publishTime="04/09/2013 18:56:59" />
    <file relUrl="Res/easyui/themes/metro/propertygrid.css" publishTime="04/09/2013 18:57:01" />
  </publishProfile>
</publishData>